"","State","Voter Turnout"
"1","Minnesota",0.8
"2","Colorado",0.764
"3","Maine",0.763
"4","Wisconsin",0.758
"5","Washington",0.757
"6","Oregon",0.755
"7","New Hampshire",0.755
"8","New Jersey",0.753
"9","Vermont",0.742
"10","Michigan",0.739
"11","Iowa",0.732
"12","Montana",0.731
"13","Virginia",0.73
"14","Massachusetts",0.721
"15","Florida",0.717
"16","Connecticut",0.715
"17","North Carolina",0.715
"18","Pennsylvania",0.71
"19","Delaware",0.707
"20","Maryland",0.707
"21","Nebraska",0.699
"22","Utah",0.692
"23","Alaska",0.688
"24","California",0.685
"25","Georgia",0.677
"26","Idaho",0.677
"27","Ohio",0.674
"28","Illinois",0.67
"29","Missouri",0.663
"30","South Dakota",0.66
"31","Arizona",0.659
"32","Kansas",0.659
"33","Rhode Island",0.657
"34","Nevada",0.654
"35","Kentucky",0.649
"36","Louisiana",0.646
"37","Wyoming",0.646
"38","South Carolina",0.645
"39","North Dakota",0.645
"40","District of Columbia",0.641
"41","New York",0.634
"42","Alabama",0.631
"43","Indiana",0.614
"44","New Mexico",0.613
"45","Texas",0.604
"46","Mississippi",0.602
"47","Tennessee",0.598
"48","West Virginia",0.576
"49","Hawaii",0.575
"50","Arkansas",0.561
"51","Oklahoma",0.55
